-- MySQL dump 10.13  Distrib 5.7.24, for Linux (x86_64)
--
-- Host: localhost    Database: chip_metrics
-- ------------------------------------------------------
-- Server version	5.7.24-0ubuntu0.16.04.1

/*!40101 SET @OLD_CHARACTER_SET_CLIENT=@@CHARACTER_SET_CLIENT */;
/*!40101 SET @OLD_CHARACTER_SET_RESULTS=@@CHARACTER_SET_RESULTS */;
/*!40101 SET @OLD_COLLATION_CONNECTION=@@COLLATION_CONNECTION */;
/*!40101 SET NAMES utf8 */;
/*!40103 SET @OLD_TIME_ZONE=@@TIME_ZONE */;
/*!40103 SET TIME_ZONE='+00:00' */;
/*!40014 SET @OLD_UNIQUE_CHECKS=@@UNIQUE_CHECKS, UNIQUE_CHECKS=0 */;
/*!40014 SET @OLD_FOREIGN_KEY_CHECKS=@@FOREIGN_KEY_CHECKS, FOREIGN_KEY_CHECKS=0 */;
/*!40101 SET @OLD_SQL_MODE=@@SQL_MODE, SQL_MODE='NO_AUTO_VALUE_ON_ZERO' */;
/*!40111 SET @OLD_SQL_NOTES=@@SQL_NOTES, SQL_NOTES=0 */;

--
-- Table structure for table `i18n_keys`
--

DROP TABLE IF EXISTS `i18n_keys`;
/*!40101 SET @saved_cs_client     = @@character_set_client */;
/*!40101 SET character_set_client = utf8 */;
CREATE TABLE `i18n_keys` (
  `id` int(10) unsigned NOT NULL AUTO_INCREMENT,
  `module_id` int(10) unsigned NOT NULL,
  `key` varchar(191) COLLATE utf8mb4_unicode_ci NOT NULL,
  `type` varchar(191) COLLATE utf8mb4_unicode_ci NOT NULL DEFAULT '1',
  `created_at` timestamp NULL DEFAULT NULL,
  `updated_at` timestamp NULL DEFAULT NULL,
  PRIMARY KEY (`id`),
  KEY `i18n_keys_module_id_foreign` (`module_id`) USING BTREE,
  KEY `i18n_keys_key_module_id_index` (`key`,`module_id`) USING BTREE,
  KEY `i18n_keys_key_index` (`key`) USING BTREE,
  CONSTRAINT `l18n_keys_module_id_foreign` FOREIGN KEY (`module_id`) REFERENCES `i18n_modules` (`id`) ON DELETE CASCADE ON UPDATE CASCADE
) ENGINE=InnoDB AUTO_INCREMENT=222 DEFAULT CHARSET=utf8mb4 COLLATE=utf8mb4_unicode_ci;
/*!40101 SET character_set_client = @saved_cs_client */;

--
-- Dumping data for table `i18n_keys`
--

LOCK TABLES `i18n_keys` WRITE;
/*!40000 ALTER TABLE `i18n_keys` DISABLE KEYS */;
INSERT INTO `i18n_keys` VALUES (2,1,'yes','1',NULL,'2018-12-20 08:12:51'),(5,1,'close','1','2018-12-20 07:39:28','2018-12-20 07:39:28'),(6,1,'save','1','2018-12-20 07:47:58','2018-12-20 07:47:58'),(7,4,'addChart','1','2018-12-20 07:50:41','2018-12-20 07:50:41'),(9,4,'noDevices.noDevices','1','2018-12-20 07:51:00','2018-12-20 07:51:00'),(10,4,'noDevices.wannaAdd','1','2018-12-20 07:51:19','2018-12-20 07:51:19'),(11,4,'chartModal.add','1','2018-12-20 07:51:37','2018-12-20 07:51:37'),(12,4,'chartModal.edit','1','2018-12-20 07:51:56','2018-12-20 07:51:56'),(13,4,'chartModal.deviceType','1','2018-12-20 07:52:03','2018-12-20 07:52:03'),(14,4,'chartModal.measurementType','1','2018-12-20 07:52:15','2018-12-20 07:52:15'),(15,4,'chartModal.chooseDevice','1','2018-12-20 07:52:29','2018-12-20 07:52:29'),(16,4,'chartModal.availableInputs','1','2018-12-20 07:52:43','2018-12-20 07:52:43'),(17,4,'chartModal.chartName','1','2018-12-20 07:53:29','2018-12-20 07:53:29'),(18,4,'chartModal.chartNamePlaceholder','1','2018-12-20 07:53:40','2018-12-20 07:53:40'),(19,4,'chartModal.chartType','1','2018-12-20 07:53:51','2018-12-20 07:53:51'),(20,4,'chartModal.period','1','2018-12-20 07:54:02','2018-12-20 07:54:02'),(21,4,'chartModal.last','1','2018-12-20 07:54:15','2018-12-20 07:54:15'),(22,4,'chartModal.includeCurrent','1','2018-12-20 07:54:24','2018-12-20 07:54:24'),(23,4,'chartModal.includeDevice','1','2018-12-20 07:54:34','2018-12-20 07:54:34'),(24,4,'chartModal.preview','1','2018-12-20 07:54:42','2018-12-20 07:54:42'),(25,4,'chartModal.chartSaved','1','2018-12-20 07:54:55','2018-12-20 07:54:55'),(26,4,'chartModal.chooseMeasurementType','1','2018-12-20 07:55:15','2018-12-20 07:55:15'),(27,1,'no','1','2018-12-20 08:12:58','2018-12-20 08:12:58'),(28,1,'actions','1','2018-12-20 08:13:14','2018-12-21 11:28:44'),(29,1,'cancel','1','2018-12-20 08:13:24','2018-12-20 08:13:24'),(30,1,'menu.adminArea','1','2018-12-20 08:13:35','2018-12-20 08:13:35'),(31,1,'menu.systemDevices','1','2018-12-20 08:13:44','2018-12-20 08:13:44'),(32,1,'menu.users','1','2018-12-20 08:13:55','2018-12-20 08:13:55'),(33,1,'menu.faq','1','2018-12-20 08:14:08','2018-12-20 08:14:08'),(34,1,'menu.staticSites','1','2018-12-20 08:14:21','2018-12-20 08:14:21'),(35,1,'menu.products','1','2018-12-20 08:14:32','2018-12-20 08:14:32'),(36,1,'menu.deviceNames','1','2018-12-20 08:14:58','2018-12-20 08:14:58'),(37,1,'menu.clientArea','1','2018-12-20 08:15:08','2018-12-20 08:15:08'),(38,1,'menu.myDashboard','1','2018-12-20 08:15:19','2018-12-20 08:15:19'),(39,1,'menu.myDevices','1','2018-12-20 08:15:29','2018-12-20 08:15:29'),(40,1,'menu.profile','1','2018-12-20 08:15:44','2018-12-20 08:15:44'),(41,1,'menu.logout','1','2018-12-20 08:16:03','2018-12-20 08:16:03'),(42,1,'menu.translations','1','2018-12-20 08:16:13','2018-12-20 08:16:13'),(43,1,'role.admin','1','2018-12-20 08:19:01','2018-12-20 08:19:01'),(44,1,'role.client','1','2018-12-20 08:19:07','2018-12-20 08:19:07'),(45,1,'top.helloGuest','1','2018-12-20 08:19:19','2018-12-20 08:19:19'),(46,11,'name','1','2018-12-20 09:46:14','2018-12-20 09:46:14'),(47,11,'add','1','2019-01-02 13:37:05','2019-01-02 13:37:05'),(48,11,'table.id','1','2019-01-02 13:37:14','2019-01-02 13:37:14'),(49,11,'table.name','1','2019-01-02 13:37:23','2019-01-02 13:37:23'),(50,11,'context.edit','1','2019-01-02 13:37:35','2019-01-02 13:37:35'),(51,11,'context.remove','1','2019-01-02 13:37:43','2019-01-02 13:37:43'),(52,11,'noData','1','2019-01-02 13:37:53','2019-01-02 13:37:53'),(53,11,'removeModal.title','1','2019-01-02 13:38:02','2019-01-02 13:38:02'),(54,11,'removeModal.content','1','2019-01-02 13:38:11','2019-01-02 13:38:11'),(55,11,'removeModal.submit','1','2019-01-02 13:38:21','2019-01-02 13:38:21'),(56,11,'removed','1','2019-01-02 13:38:28','2019-01-02 13:38:28'),(57,11,'removeError','1','2019-01-02 13:38:36','2019-01-02 13:38:36'),(58,11,'saved','1','2019-01-02 13:38:43','2019-01-02 13:38:43'),(59,11,'dataModal.titleAdd','1','2019-01-02 13:38:56','2019-01-02 13:38:56'),(60,11,'dataModal.titleEdit','1','2019-01-02 13:39:07','2019-01-02 13:39:07'),(61,11,'dataModal.name','1','2019-01-02 13:39:17','2019-01-02 13:39:17'),(62,11,'dataModal.id','1','2019-01-02 13:39:27','2019-01-02 13:39:27'),(63,11,'dataModal.delivers','1','2019-01-02 13:39:51','2019-01-02 13:39:51'),(64,5,'myDevices','1','2019-01-03 06:00:02','2019-01-03 06:00:02'),(65,5,'addDevice','1','2019-01-03 06:00:13','2019-01-03 06:00:13'),(66,5,'editDevice','1','2019-01-03 06:00:21','2019-01-03 06:00:21'),(67,5,'table.id','1','2019-01-03 06:00:30','2019-01-03 06:00:30'),(68,5,'table.name','1','2019-01-03 06:00:39','2019-01-03 06:00:39'),(69,5,'table.type','1','2019-01-03 06:00:49','2019-01-03 06:00:49'),(70,5,'table.last','1','2019-01-03 06:01:01','2019-01-03 06:01:01'),(71,5,'contextMenu.changeName','1','2019-01-03 06:01:16','2019-01-03 06:01:16'),(72,5,'contextMenu.configureInputs','1','2019-01-03 06:01:31','2019-01-03 06:01:31'),(73,5,'contextMenu.exportData','1','2019-01-03 06:01:39','2019-01-03 06:01:39'),(74,5,'contextMenu.editDevice','1','2019-01-03 06:01:47','2019-01-03 06:01:47'),(75,5,'contextMenu.removeDevice','1','2019-01-03 06:01:55','2019-01-03 06:01:55'),(76,5,'noDevices','1','2019-01-03 06:02:04','2019-01-03 06:02:04'),(77,5,'removeModal.title','1','2019-01-03 06:02:18','2019-01-03 06:02:18'),(78,5,'removeModal.content','1','2019-01-03 06:02:35','2019-01-03 06:02:35'),(79,5,'removeModal.submit','1','2019-01-03 06:02:46','2019-01-03 06:02:46'),(80,5,'deviceRemoved','1','2019-01-03 06:03:00','2019-01-03 06:03:00'),(81,5,'deviceRemoveError','1','2019-01-03 06:03:10','2019-01-03 06:03:10'),(82,5,'deviceSaved','1','2019-01-03 06:03:20','2019-01-03 06:03:20'),(83,5,'changeDeviceName','1','2019-01-03 06:03:30','2019-01-03 06:03:30'),(84,5,'delivers.delivers','1','2019-01-03 06:03:42','2019-01-03 06:03:42'),(85,5,'delivers.kwh','1','2019-01-03 06:03:52','2019-01-03 06:03:52'),(86,5,'delivers.temperature','2','2019-01-03 06:04:03','2019-01-04 07:49:16'),(87,5,'system.devices','1','2019-01-03 06:04:12','2019-01-03 06:04:12'),(88,5,'system.user','1','2019-01-03 06:04:22','2019-01-03 06:04:22'),(89,5,'gpios.configureInputs','1','2019-01-03 06:04:36','2019-01-03 06:04:36'),(90,5,'gpios.input','1','2019-01-03 06:04:46','2019-01-03 06:04:46'),(91,5,'gpios.name','1','2019-01-03 06:04:54','2019-01-03 06:04:54'),(92,5,'gpios.measurementType','1','2019-01-03 06:05:06','2019-01-03 06:05:06'),(93,5,'gpios.tariff','1','2019-01-03 06:05:17','2019-01-03 06:05:17'),(94,5,'gpios.color','1','2019-01-03 06:05:28','2019-01-03 06:05:28'),(95,5,'gpios.ppuDescription','1','2019-01-03 06:05:46','2019-01-03 06:05:46'),(96,7,'name','1','2019-01-03 06:39:10','2019-01-03 06:39:10'),(97,7,'add','1','2019-01-03 06:39:17','2019-01-03 06:39:17'),(98,7,'table.name','1','2019-01-03 06:39:25','2019-01-03 06:39:25'),(99,7,'table.description','1','2019-01-03 06:39:35','2019-01-03 06:39:35'),(100,7,'context.edit','1','2019-01-03 06:39:48','2019-01-03 06:39:48'),(101,7,'context.remove','1','2019-01-03 06:40:01','2019-01-03 06:40:01'),(102,7,'noData','1','2019-01-03 06:40:10','2019-01-03 06:40:10'),(103,7,'removeModal.content','1','2019-01-03 06:40:19','2019-01-03 06:40:19'),(104,7,'removeModal.submit','1','2019-01-03 06:40:29','2019-01-03 06:40:29'),(105,7,'removeModal.title','1','2019-01-03 06:40:38','2019-01-03 06:40:38'),(106,7,'removed','1','2019-01-03 06:40:47','2019-01-03 06:40:47'),(107,7,'removeError','1','2019-01-03 06:41:00','2019-01-03 06:41:00'),(108,7,'saved','1','2019-01-03 06:41:16','2019-01-03 06:41:16'),(109,7,'dataModal.titleAdd','1','2019-01-03 06:41:27','2019-01-03 06:41:27'),(110,7,'dataModal.titleEdit','1','2019-01-03 06:41:34','2019-01-03 06:41:34'),(111,7,'dataModal.name','1','2019-01-03 06:42:16','2019-01-03 06:42:16'),(112,7,'dataModal.description','1','2019-01-03 06:42:50','2019-01-03 06:42:50'),(113,2,'login','1','2019-01-03 06:47:31','2019-01-03 06:47:31'),(114,2,'email','1','2019-01-03 06:47:38','2019-01-03 06:47:38'),(115,2,'emailPlaceholder','1','2019-01-03 06:47:47','2019-01-03 06:47:47'),(116,2,'password','1','2019-01-03 06:47:55','2019-01-03 06:47:55'),(117,2,'passwordPlaceholder','1','2019-01-03 06:48:02','2019-01-03 06:48:02'),(118,2,'rememberMe','1','2019-01-03 06:48:09','2019-01-03 06:48:09'),(119,2,'loginButton','1','2019-01-03 06:48:16','2019-01-03 06:48:16'),(120,2,'dontHaveAccount','1','2019-01-03 06:48:26','2019-01-03 06:48:26'),(121,2,'registerNow','1','2019-01-03 06:48:33','2019-01-03 06:48:33'),(122,2,'viaFacebook','1','2019-01-03 06:48:40','2019-01-03 06:48:40'),(123,2,'httpsEnv','1','2019-01-03 06:48:46','2019-01-03 06:48:46'),(124,2,'loggedSuccessfully','1','2019-01-03 06:48:54','2019-01-03 06:48:54'),(125,2,'incorrectUserData','1','2019-01-03 06:49:01','2019-01-03 06:49:01'),(126,9,'name','1','2019-01-03 06:53:20','2019-01-03 06:53:20'),(127,9,'add','1','2019-01-03 06:53:28','2019-01-03 06:53:28'),(128,9,'table.name','1','2019-01-03 06:53:37','2019-01-03 06:53:37'),(129,9,'table.description','1','2019-01-03 06:53:45','2019-01-03 06:53:45'),(130,9,'context.edit','1','2019-01-03 06:53:54','2019-01-03 06:53:54'),(131,9,'context.remove','1','2019-01-03 06:54:03','2019-01-03 06:54:03'),(132,9,'noData','1','2019-01-03 06:54:11','2019-01-03 06:54:11'),(133,9,'removeModal.content','1','2019-01-03 06:54:19','2019-01-03 06:54:19'),(134,9,'removeModal.submit','1','2019-01-03 06:54:28','2019-01-03 06:54:28'),(135,9,'removeModal.title','1','2019-01-03 06:54:36','2019-01-03 06:54:36'),(136,9,'removed','1','2019-01-03 06:54:43','2019-01-03 06:54:43'),(137,9,'removeError','1','2019-01-03 06:54:56','2019-01-03 06:54:56'),(138,9,'saved','1','2019-01-03 06:55:04','2019-01-03 06:55:04'),(139,9,'dataModal.name','1','2019-01-03 06:55:12','2019-01-03 06:55:12'),(140,9,'dataModal.titleAdd','1','2019-01-03 06:55:19','2019-01-03 06:55:19'),(141,9,'dataModal.titleEdit','1','2019-01-03 06:55:54','2019-01-03 06:55:54'),(142,9,'dataModal.price','1','2019-01-03 06:56:08','2019-01-03 06:56:08'),(143,9,'dataModal.allegroLink','1','2019-01-03 06:56:27','2019-01-03 06:56:27'),(144,9,'dataModal.description','1','2019-01-03 06:56:41','2019-01-03 06:56:41'),(145,9,'dataModal.gallery','1','2019-01-03 06:56:52','2019-01-03 06:56:52'),(146,3,'createAccount','1','2019-01-03 07:09:03','2019-01-03 07:09:03'),(147,3,'name','1','2019-01-03 07:09:11','2019-01-03 07:09:11'),(148,3,'namePlaceholder','1','2019-01-03 07:09:16','2019-01-03 07:09:16'),(149,3,'email','1','2019-01-03 07:09:24','2019-01-03 07:09:24'),(150,3,'emailPlaceholder','1','2019-01-03 07:09:29','2019-01-03 07:09:29'),(151,3,'password','1','2019-01-03 07:09:34','2019-01-03 07:09:34'),(152,3,'passwordPlaceholder','1','2019-01-03 07:09:39','2019-01-03 07:09:39'),(153,3,'passwordRepeat','1','2019-01-03 07:09:44','2019-01-03 07:09:44'),(154,3,'passwordRepeatPlaceholder','1','2019-01-03 07:09:50','2019-01-03 07:09:50'),(155,3,'terms.accept','1','2019-01-03 07:09:58','2019-01-03 07:09:58'),(156,3,'terms.terms','1','2019-01-03 07:10:05','2019-01-03 07:10:05'),(157,3,'newAccountButton','1','2019-01-03 07:10:12','2019-01-03 07:10:12'),(158,3,'alreadyHaveAccount','1','2019-01-03 07:10:17','2019-01-03 07:10:17'),(159,3,'login','1','2019-01-03 07:10:23','2019-01-03 07:10:23'),(160,3,'registaredAndLoggedIn','1','2019-01-03 07:10:29','2019-01-03 07:10:29'),(161,3,'incorrectUserData','1','2019-01-03 07:10:35','2019-01-03 07:10:35'),(162,8,'name','1','2019-01-03 07:16:29','2019-01-03 07:16:29'),(163,8,'add','1','2019-01-03 07:16:35','2019-01-03 07:16:35'),(164,8,'table.name','1','2019-01-03 07:16:41','2019-01-03 07:16:41'),(165,8,'table.description','1','2019-01-03 07:16:50','2019-01-03 07:16:50'),(166,8,'context.edit','1','2019-01-03 07:16:57','2019-01-03 07:16:57'),(167,8,'context.remove','1','2019-01-03 07:17:07','2019-01-03 07:17:07'),(168,8,'noData','1','2019-01-03 07:17:16','2019-01-03 07:17:16'),(169,8,'removeModal.content','1','2019-01-03 07:17:23','2019-01-03 07:17:23'),(170,8,'removeModal.submit','1','2019-01-03 07:17:30','2019-01-03 07:17:30'),(171,8,'removeModal.title','1','2019-01-03 07:17:36','2019-01-03 07:17:36'),(172,8,'removed','1','2019-01-03 07:17:41','2019-01-03 07:17:41'),(173,8,'removeError','1','2019-01-03 07:17:47','2019-01-03 07:17:47'),(174,8,'saved','1','2019-01-03 07:17:52','2019-01-03 07:17:52'),(175,8,'dataModal.titleEdit','1','2019-01-03 07:17:59','2019-01-03 07:17:59'),(176,8,'dataModal.titleAdd','1','2019-01-03 07:18:06','2019-01-03 07:18:06'),(177,8,'dataModal.name','1','2019-01-03 07:18:12','2019-01-03 07:18:12'),(178,8,'dataModal.content','1','2019-01-03 07:18:19','2019-01-03 07:18:19'),(179,6,'users','1','2019-01-03 07:23:36','2019-01-03 07:23:36'),(180,6,'addUser','1','2019-01-03 07:23:44','2019-01-03 07:23:44'),(181,6,'table.id','1','2019-01-03 07:23:51','2019-01-03 07:23:51'),(182,6,'table.name','1','2019-01-03 07:24:01','2019-01-03 07:24:01'),(183,6,'table.email','1','2019-01-03 07:24:17','2019-01-03 07:24:17'),(184,6,'contextMenu.edit','1','2019-01-03 07:24:26','2019-01-03 07:24:26'),(185,6,'contextMenu.impersonate','1','2019-01-03 07:24:34','2019-01-03 07:24:34'),(186,6,'contextMenu.remove','1','2019-01-03 07:24:43','2019-01-03 07:24:43'),(187,6,'modal.addUser','1','2019-01-03 07:24:53','2019-01-03 07:24:53'),(188,6,'modal.editUser','1','2019-01-03 07:25:04','2019-01-03 07:25:04'),(189,6,'modal.password','1','2019-01-03 07:25:11','2019-01-03 07:25:11'),(190,6,'modal.repeatPassword','1','2019-01-03 07:25:22','2019-01-03 07:25:22'),(191,6,'modal.role','1','2019-01-03 07:25:31','2019-01-03 07:25:31'),(192,6,'noUsers','1','2019-01-03 07:25:37','2019-01-03 07:25:37'),(193,6,'deleteModal.title','1','2019-01-03 07:25:44','2019-01-03 07:25:44'),(194,6,'deleteModal.content','1','2019-01-03 07:25:53','2019-01-03 07:25:53'),(195,6,'deleteModal.submit','1','2019-01-03 07:26:00','2019-01-03 07:26:00'),(196,6,'userDeleted','1','2019-01-03 07:26:06','2019-01-03 07:26:06'),(197,6,'userNotDeleted','1','2019-01-03 07:26:14','2019-01-03 07:26:14'),(198,6,'userSaved','1','2019-01-03 07:26:23','2019-01-03 07:26:23'),(199,6,'userNotSaved','1','2019-01-03 07:26:29','2019-01-03 07:26:29'),(200,6,'profile.name','1','2019-01-03 07:26:37','2019-01-03 07:26:37'),(201,5,'chipID','1','2019-01-03 11:13:42','2019-01-03 11:13:42'),(202,1,'ok','1','2019-01-03 12:34:10','2019-01-03 12:34:10'),(203,5,'addModal.title','1','2019-01-03 12:49:12','2019-01-03 12:49:12'),(204,1,'remove','1','2019-01-03 13:05:06','2019-01-03 13:05:06'),(205,12,'translations','1','2019-01-03 13:08:59','2019-01-03 13:08:59'),(206,12,'module','1','2019-01-03 13:09:09','2019-01-03 13:09:09'),(207,12,'import','1','2019-01-03 13:09:22','2019-01-03 13:09:22'),(208,12,'export','1','2019-01-03 13:09:35','2019-01-03 13:09:35'),(209,12,'translation_modules','1','2019-01-03 13:10:13','2019-01-03 13:10:13'),(210,12,'add_translation','1','2019-01-03 13:10:27','2019-01-03 13:10:27'),(211,12,'add_identifier','1','2019-01-03 13:10:45','2019-01-03 13:10:45'),(212,12,'key','1','2019-01-03 13:10:52','2019-01-03 13:10:52'),(213,12,'simple_text','1','2019-01-03 13:11:04','2019-01-03 13:11:04'),(214,12,'advanced_editor','1','2019-01-03 13:11:16','2019-01-03 13:11:16'),(215,12,'imported','1','2019-01-03 13:11:55','2019-01-03 13:11:55'),(216,12,'exported','1','2019-01-03 13:12:14','2019-01-03 13:12:14'),(217,12,'reload','1','2019-01-03 13:17:27','2019-01-03 13:17:27'),(218,1,'all','1','2019-01-03 13:19:08','2019-01-03 13:19:08'),(219,12,'edit_identifier','1','2019-01-03 13:21:58','2019-01-03 13:21:58'),(220,12,'reloaded','1','2019-01-03 13:28:45','2019-01-03 13:28:45'),(221,1,'edit','1','2019-01-04 07:35:20','2019-01-04 07:35:20');
/*!40000 ALTER TABLE `i18n_keys` ENABLE KEYS */;
UNLOCK TABLES;

--
-- Table structure for table `i18n_languages`
--

DROP TABLE IF EXISTS `i18n_languages`;
/*!40101 SET @saved_cs_client     = @@character_set_client */;
/*!40101 SET character_set_client = utf8 */;
CREATE TABLE `i18n_languages` (
  `id` int(10) unsigned NOT NULL AUTO_INCREMENT,
  `locale` char(2) COLLATE utf8mb4_unicode_ci NOT NULL,
  `name` varchar(191) COLLATE utf8mb4_unicode_ci NOT NULL,
  `created_at` timestamp NULL DEFAULT NULL,
  `updated_at` timestamp NULL DEFAULT NULL,
  PRIMARY KEY (`id`)
) ENGINE=InnoDB AUTO_INCREMENT=3 DEFAULT CHARSET=utf8mb4 COLLATE=utf8mb4_unicode_ci;
/*!40101 SET character_set_client = @saved_cs_client */;

--
-- Dumping data for table `i18n_languages`
--

LOCK TABLES `i18n_languages` WRITE;
/*!40000 ALTER TABLE `i18n_languages` DISABLE KEYS */;
INSERT INTO `i18n_languages` VALUES (1,'en','English',NULL,NULL),(2,'pl','Polski',NULL,NULL);
/*!40000 ALTER TABLE `i18n_languages` ENABLE KEYS */;
UNLOCK TABLES;

--
-- Table structure for table `i18n_modules`
--

DROP TABLE IF EXISTS `i18n_modules`;
/*!40101 SET @saved_cs_client     = @@character_set_client */;
/*!40101 SET character_set_client = utf8 */;
CREATE TABLE `i18n_modules` (
  `id` int(10) unsigned NOT NULL AUTO_INCREMENT,
  `name` varchar(191) COLLATE utf8mb4_unicode_ci NOT NULL,
  `created_at` timestamp NULL DEFAULT NULL,
  `updated_at` timestamp NULL DEFAULT NULL,
  PRIMARY KEY (`id`)
) ENGINE=InnoDB AUTO_INCREMENT=13 DEFAULT CHARSET=utf8mb4 COLLATE=utf8mb4_unicode_ci;
/*!40101 SET character_set_client = @saved_cs_client */;

--
-- Dumping data for table `i18n_modules`
--

LOCK TABLES `i18n_modules` WRITE;
/*!40000 ALTER TABLE `i18n_modules` DISABLE KEYS */;
INSERT INTO `i18n_modules` VALUES (1,'global',NULL,NULL),(2,'login',NULL,'2018-12-20 07:50:14'),(3,'registration','2018-12-20 07:50:14','2018-12-20 07:50:14'),(4,'dashboard','2018-12-20 07:50:14','2018-12-20 07:50:14'),(5,'devices','2018-12-20 07:50:14','2018-12-20 07:50:14'),(6,'users','2018-12-20 07:50:14','2018-12-20 07:50:14'),(7,'faq','2018-12-20 07:50:14','2018-12-20 07:50:14'),(8,'staticSites','2018-12-20 07:50:14','2018-12-20 07:50:14'),(9,'products','2018-12-20 07:50:15','2018-12-20 07:50:15'),(10,'charts','2018-12-20 07:50:15','2018-12-20 07:50:15'),(11,'deviceNames','2018-12-20 07:50:15','2018-12-20 07:50:15'),(12,'translations','2019-01-03 13:07:25','2019-01-03 13:07:25');
/*!40000 ALTER TABLE `i18n_modules` ENABLE KEYS */;
UNLOCK TABLES;

--
-- Table structure for table `i18n_translations`
--

DROP TABLE IF EXISTS `i18n_translations`;
/*!40101 SET @saved_cs_client     = @@character_set_client */;
/*!40101 SET character_set_client = utf8 */;
CREATE TABLE `i18n_translations` (
  `id` int(10) unsigned NOT NULL AUTO_INCREMENT,
  `language_id` int(10) unsigned NOT NULL,
  `key_id` int(10) unsigned NOT NULL,
  `translation` text COLLATE utf8mb4_unicode_ci NOT NULL,
  `created_at` timestamp NULL DEFAULT NULL,
  `updated_at` timestamp NULL DEFAULT NULL,
  PRIMARY KEY (`id`),
  KEY `i18n_translations_language_id_foreign` (`language_id`) USING BTREE,
  KEY `i18n_translations_key_id_foreign` (`key_id`) USING BTREE,
  CONSTRAINT `l18n_translations_key_id_foreign` FOREIGN KEY (`key_id`) REFERENCES `i18n_keys` (`id`) ON DELETE CASCADE ON UPDATE CASCADE,
  CONSTRAINT `l18n_translations_language_id_foreign` FOREIGN KEY (`language_id`) REFERENCES `i18n_languages` (`id`) ON DELETE CASCADE ON UPDATE CASCADE
) ENGINE=InnoDB AUTO_INCREMENT=445 DEFAULT CHARSET=utf8mb4 COLLATE=utf8mb4_unicode_ci;
/*!40101 SET character_set_client = @saved_cs_client */;

--
-- Dumping data for table `i18n_translations`
--

LOCK TABLES `i18n_translations` WRITE;
/*!40000 ALTER TABLE `i18n_translations` DISABLE KEYS */;
INSERT INTO `i18n_translations` VALUES (2,1,2,'Yes',NULL,'2018-12-20 08:18:04'),(3,2,2,'Tak','2018-12-14 09:43:52','2018-12-20 08:18:44'),(13,1,5,'Close','2018-12-20 07:39:39','2018-12-20 07:39:39'),(14,2,5,'Zamknij','2018-12-20 07:39:45','2018-12-20 07:39:45'),(15,1,6,'Save','2018-12-20 07:48:13','2018-12-20 07:48:13'),(16,2,6,'Zapisz','2018-12-20 07:48:21','2018-12-20 07:48:21'),(17,1,7,'Add a chart','2018-12-20 07:55:30','2018-12-20 07:55:44'),(18,1,11,'Add a chart','2018-12-20 07:55:35','2018-12-20 07:55:47'),(19,1,16,'Available inputs','2018-12-20 07:55:52','2018-12-20 07:55:52'),(20,1,17,'Chart name','2018-12-20 07:56:00','2018-12-20 07:56:00'),(21,1,18,'Type a chart name','2018-12-20 07:56:05','2018-12-20 07:56:05'),(22,1,25,'Chart saved','2018-12-20 07:56:09','2018-12-20 07:56:09'),(23,1,19,'Chart type','2018-12-20 07:56:17','2018-12-20 07:56:17'),(24,1,15,'Choose device','2018-12-20 07:56:21','2018-12-20 07:56:21'),(25,1,26,'Choose measurement type','2018-12-20 07:56:29','2018-12-20 07:56:29'),(26,1,13,'Device type','2018-12-20 07:56:37','2018-12-20 07:56:37'),(27,2,7,'Dodaj wykres','2018-12-20 07:56:45','2018-12-20 07:56:45'),(28,2,11,'Dodaj wykres','2018-12-20 07:56:52','2018-12-20 07:56:52'),(29,2,16,'Dostępne porty','2018-12-20 07:57:16','2018-12-20 07:57:16'),(30,2,17,'Nazwa wykresu','2018-12-20 07:57:23','2018-12-20 07:57:23'),(31,2,18,'Wpisz nazwę wykresu','2018-12-20 07:57:31','2018-12-20 07:57:31'),(32,2,25,'Wykres zapisany','2018-12-20 07:57:38','2018-12-20 07:57:38'),(33,2,19,'Typ wykresu','2018-12-20 07:57:43','2018-12-20 07:57:43'),(34,2,15,'Wybierz urządzenie','2018-12-20 07:57:50','2018-12-20 07:57:50'),(35,2,26,'Wybierz typ pomiaru, aby wyświetlić dostępne porty','2018-12-20 07:58:07','2018-12-20 07:58:07'),(36,2,13,'Typ urządzenia','2018-12-20 07:58:18','2018-12-20 07:58:18'),(37,1,12,'Edit a chart','2018-12-20 07:58:31','2018-12-20 07:58:31'),(38,1,22,'Include last','2018-12-20 07:58:47','2018-12-20 07:58:47'),(39,1,23,'include device name in the legend','2018-12-20 08:06:04','2018-12-20 08:06:04'),(40,1,21,'Last','2018-12-20 08:06:09','2018-12-20 08:06:09'),(41,1,14,'Measurement type','2018-12-20 08:06:19','2018-12-20 08:06:19'),(42,1,20,'Time period','2018-12-20 08:06:32','2018-12-20 08:06:32'),(43,1,24,'Chart preview','2018-12-20 08:06:53','2018-12-20 08:06:53'),(44,1,9,'You have no added devices.','2018-12-20 08:07:04','2018-12-20 08:07:04'),(45,1,10,'Wanna add one?','2018-12-20 08:07:17','2018-12-20 08:07:17'),(46,2,12,'Edycja wykresu','2018-12-20 08:08:28','2018-12-20 08:08:28'),(47,2,22,'Dołącz ostatni','2018-12-20 08:08:36','2018-12-20 08:08:36'),(48,2,23,'Dołącz nazwę urządzenia','2018-12-20 08:08:41','2019-01-02 13:32:15'),(49,2,21,'Ostanie','2018-12-20 08:08:46','2018-12-20 08:08:46'),(50,2,14,'Typ pomiaru','2018-12-20 08:08:54','2018-12-20 08:08:54'),(51,2,20,'Zakres czasu','2018-12-20 08:09:00','2018-12-20 08:09:00'),(52,2,24,'Podgląd wykresu','2018-12-20 08:09:11','2018-12-20 08:09:11'),(53,2,10,'Chesz jakieś dodać?','2018-12-20 08:09:25','2018-12-20 08:09:25'),(54,2,9,'Nie masz dodanych żadnych urządzeń.','2018-12-20 08:09:31','2018-12-20 08:09:31'),(55,1,28,'Actions','2018-12-20 08:16:18','2018-12-20 08:16:18'),(56,1,29,'Cancel','2018-12-20 08:16:20','2018-12-20 08:16:20'),(57,1,30,'Admin area','2018-12-20 08:16:28','2018-12-20 08:16:28'),(58,1,37,'Client area','2018-12-20 08:16:31','2018-12-20 08:16:31'),(59,1,36,'Device names','2018-12-20 08:16:35','2018-12-20 08:16:43'),(60,1,33,'FAQ','2018-12-20 08:16:37','2018-12-20 08:16:37'),(61,1,41,'Logout','2018-12-20 08:16:39','2018-12-20 08:16:45'),(62,1,38,'My dashboard','2018-12-20 08:16:51','2018-12-20 08:16:51'),(63,1,39,'My devices','2018-12-20 08:16:55','2018-12-20 08:16:55'),(64,2,28,'Akcje','2018-12-20 08:16:58','2018-12-20 08:16:58'),(65,2,29,'Edycja','2018-12-20 08:17:00','2018-12-20 08:17:00'),(66,2,30,'Strefa admina','2018-12-20 08:17:08','2018-12-20 08:17:08'),(67,2,37,'Strefa klienta','2018-12-20 08:17:11','2018-12-20 08:17:11'),(68,2,36,'Nazwy urządzeń','2018-12-20 08:17:17','2018-12-20 08:17:17'),(69,2,33,'FAQ','2018-12-20 08:17:20','2018-12-20 08:17:20'),(70,2,41,'Wyloguj','2018-12-20 08:17:24','2018-12-20 08:17:24'),(71,2,38,'Mój pulpit','2018-12-20 08:17:29','2018-12-20 08:17:29'),(72,2,39,'Moje urządzenia','2018-12-20 08:17:33','2018-12-20 08:17:33'),(73,1,35,'Products','2018-12-20 08:17:41','2018-12-20 08:17:41'),(74,1,40,'Profile','2018-12-20 08:17:43','2018-12-20 08:17:43'),(75,1,34,'Static sites','2018-12-20 08:17:46','2018-12-20 08:17:46'),(76,1,31,'System devices','2018-12-20 08:17:49','2018-12-20 08:17:49'),(77,1,42,'Translations','2018-12-20 08:17:57','2018-12-20 08:17:57'),(78,1,32,'Users','2018-12-20 08:17:58','2018-12-20 08:17:58'),(79,1,27,'No','2018-12-20 08:18:00','2018-12-20 08:18:00'),(80,2,35,'Produkty','2018-12-20 08:18:14','2018-12-20 08:18:14'),(81,2,40,'Profil','2018-12-20 08:18:18','2018-12-20 08:18:18'),(82,2,34,'Strony statyczne','2018-12-20 08:18:21','2018-12-20 08:18:21'),(83,2,31,'Urządzenia systemu','2018-12-20 08:18:29','2018-12-20 08:18:29'),(84,2,42,'Tłumaczenia','2018-12-20 08:18:34','2018-12-20 08:18:34'),(85,2,32,'Użytkownicy','2018-12-20 08:18:39','2018-12-20 08:18:39'),(86,2,27,'Nie','2018-12-20 08:18:41','2018-12-20 08:18:41'),(87,1,43,'Admin','2018-12-20 08:19:32','2018-12-20 08:19:32'),(88,1,44,'Client','2018-12-20 08:19:34','2018-12-20 08:19:44'),(89,2,43,'Admin','2018-12-20 08:19:38','2018-12-20 08:19:38'),(90,2,44,'Klient','2018-12-20 08:19:39','2018-12-20 08:19:48'),(91,1,45,'Hello Guest!','2018-12-20 08:20:01','2018-12-20 08:20:01'),(92,2,45,'Witaj gościu!','2018-12-20 08:20:07','2018-12-20 08:20:07'),(93,1,46,'Products type','2019-01-02 13:36:13','2019-01-02 13:36:13'),(94,1,47,'Add product type','2019-01-02 13:41:47','2019-01-02 13:41:47'),(95,1,50,'Edit','2019-01-02 13:41:52','2019-01-02 13:41:52'),(96,1,51,'Remove','2019-01-02 13:41:54','2019-01-02 13:41:54'),(97,1,63,'Delivers','2019-01-02 13:41:56','2019-01-02 13:41:56'),(98,1,62,'Identifier','2019-01-02 13:42:01','2019-01-02 13:42:01'),(99,1,61,'Name','2019-01-02 13:42:11','2019-01-02 13:42:11'),(100,1,59,'Product type adding','2019-01-02 13:42:21','2019-01-02 13:42:21'),(101,1,60,'Product type editing','2019-01-02 13:42:42','2019-01-02 13:42:42'),(102,1,52,'No product types found.','2019-01-02 13:43:12','2019-01-02 13:43:12'),(103,1,56,'Product type removed','2019-01-02 13:43:22','2019-01-02 13:43:26'),(104,1,57,'Error with removing product type','2019-01-02 13:43:37','2019-01-02 13:43:37'),(105,1,54,'test','2019-01-02 13:43:57','2019-01-03 06:15:05'),(106,1,55,'Yes, remove device','2019-01-02 13:44:03','2019-01-03 06:14:13'),(107,1,53,'Device removal','2019-01-02 13:44:21','2019-01-03 06:14:18'),(108,1,58,'Saved','2019-01-02 13:44:27','2019-01-02 13:44:27'),(109,1,48,'ID','2019-01-02 13:44:30','2019-01-03 06:14:31'),(110,1,49,'Name','2019-01-02 13:44:33','2019-01-02 13:44:33'),(111,2,47,'Dodaj typ produktu','2019-01-02 13:44:45','2019-01-02 13:44:45'),(112,2,50,'Edytuj','2019-01-02 13:44:54','2019-01-02 13:44:54'),(113,2,51,'Usuń','2019-01-02 13:44:59','2019-01-02 13:44:59'),(114,2,63,'Dostarcza','2019-01-02 13:45:01','2019-01-02 13:45:01'),(115,2,62,'Identyfikator','2019-01-02 13:45:05','2019-01-02 13:45:05'),(116,2,61,'Nazwa','2019-01-02 13:45:08','2019-01-02 13:45:08'),(117,2,59,'Dodawanie typu produktu','2019-01-02 13:45:20','2019-01-02 13:45:20'),(118,2,60,'Edycja typu produktu','2019-01-02 13:45:25','2019-01-02 13:45:25'),(119,2,46,'Typy produktów','2019-01-02 13:45:34','2019-01-02 13:45:34'),(120,2,52,'Nie znaleziono typów produktów.','2019-01-02 13:45:47','2019-01-02 13:45:47'),(121,2,56,'Usunięto typ produtku','2019-01-02 13:45:57','2019-01-02 13:45:57'),(122,2,57,'Błąd przy usuwaniu typu produktu','2019-01-02 13:46:07','2019-01-02 13:46:07'),(123,2,54,'werwer','2019-01-02 13:46:19','2019-01-03 06:16:26'),(124,2,55,'Tak, usuń urządzenie','2019-01-02 13:46:23','2019-01-03 06:08:36'),(125,2,53,'Usuwanie urządzenia','2019-01-02 13:46:30','2019-01-03 06:08:41'),(126,2,58,'Zapisano','2019-01-02 13:46:34','2019-01-02 13:46:34'),(127,2,48,'ID','2019-01-02 13:46:37','2019-01-03 06:08:55'),(128,2,49,'Nazwa','2019-01-02 13:46:46','2019-01-02 13:46:46'),(129,2,65,'Dodaj urządzenie','2019-01-03 06:06:01','2019-01-03 06:06:01'),(130,2,83,'Zmień nazwę urządzenia','2019-01-03 06:06:09','2019-01-03 06:06:09'),(131,2,71,'Zmień nazwę','2019-01-03 06:06:16','2019-01-03 06:06:16'),(132,2,72,'Konfiguracja portów','2019-01-03 06:06:22','2019-01-03 06:06:22'),(133,2,74,'Edycja urządzenia','2019-01-03 06:06:30','2019-01-03 06:06:30'),(134,2,73,'Eksport danych','2019-01-03 06:06:35','2019-01-03 06:06:35'),(135,2,75,'Usuń urządzenie','2019-01-03 06:06:40','2019-01-03 06:06:40'),(136,2,84,'Urządzenie dostarcza','2019-01-03 06:06:48','2019-01-03 06:06:48'),(137,2,85,'kWh','2019-01-03 06:06:51','2019-01-03 06:06:51'),(138,2,86,'C','2019-01-03 06:06:56','2019-01-03 06:06:56'),(139,2,80,'Usunięto urządzenie','2019-01-03 06:07:03','2019-01-03 06:07:03'),(140,2,81,'Nieudane usuwanie urządzenia','2019-01-03 06:07:09','2019-01-03 06:07:09'),(141,2,82,'Zapisano urządzenie','2019-01-03 06:07:14','2019-01-03 06:07:14'),(142,2,66,'Edycja urządzenia','2019-01-03 06:07:27','2019-01-03 06:07:27'),(143,2,94,'Kolor','2019-01-03 06:07:33','2019-01-03 06:07:33'),(144,2,89,'Konfiguracja wejść dla ','2019-01-03 06:07:39','2019-01-03 06:07:39'),(145,2,90,'Wejście','2019-01-03 06:07:43','2019-01-03 06:07:43'),(146,2,92,'Typ','2019-01-03 06:07:47','2019-01-03 06:07:47'),(147,2,91,'Nazwa','2019-01-03 06:07:51','2019-01-03 06:07:51'),(148,2,95,'jak dużo impulsów na jedną jednostkę Twoje urządzenie generuje, np. <strong>1000</strong> na kWh, <strong>1</strong> na litr, <strong>0.1</strong> na litr','2019-01-03 06:08:00','2019-01-03 06:08:00'),(149,2,93,'Taryfa','2019-01-03 06:08:12','2019-01-03 06:08:12'),(150,2,64,'Moje urządzenia','2019-01-03 06:08:16','2019-01-03 06:08:16'),(151,2,76,'Nie znaleziono urządzeń. Aby dodać urządzenie kliknij przycisk \"Dodaj urządzenie\"','2019-01-03 06:08:23','2019-01-03 06:08:23'),(152,2,87,'Urządzenia w systemie','2019-01-03 06:08:47','2019-01-03 06:08:47'),(153,2,88,'Użytkownik','2019-01-03 06:08:51','2019-01-03 06:08:51'),(154,2,70,'Ostatni pomiar','2019-01-03 06:09:00','2019-01-03 06:09:00'),(155,2,69,'Typ','2019-01-03 06:09:10','2019-01-03 06:09:10'),(156,1,65,'Add a device','2019-01-03 06:09:17','2019-01-03 06:09:17'),(157,1,83,'Change device name','2019-01-03 06:09:21','2019-01-03 06:09:21'),(158,1,71,'Change name','2019-01-03 06:09:24','2019-01-03 06:09:24'),(159,1,72,'Port configuration','2019-01-03 06:09:29','2019-01-03 06:09:29'),(160,1,74,'Edit device','2019-01-03 06:09:33','2019-01-03 06:09:33'),(161,1,73,'Export data','2019-01-03 06:09:36','2019-01-03 06:09:36'),(162,1,75,'Remove device','2019-01-03 06:09:39','2019-01-03 06:09:39'),(163,1,84,'Device delivers ','2019-01-03 06:09:47','2019-01-03 06:09:47'),(164,1,85,'kWh','2019-01-03 06:09:51','2019-01-03 06:09:51'),(165,1,86,'C','2019-01-03 06:09:52','2019-01-03 06:09:52'),(166,1,80,'Device removed','2019-01-03 06:09:59','2019-01-03 06:09:59'),(167,1,81,'Error when removing the device','2019-01-03 06:10:48','2019-01-03 06:10:48'),(168,1,82,'Device saved','2019-01-03 06:10:52','2019-01-03 06:10:52'),(169,1,66,'Edit a device','2019-01-03 06:10:55','2019-01-03 06:10:55'),(170,1,94,'Color','2019-01-03 06:10:58','2019-01-03 06:10:58'),(171,1,89,'Inputs configuration for ','2019-01-03 06:11:07','2019-01-03 06:11:07'),(172,1,90,'Input','2019-01-03 06:11:11','2019-01-03 06:11:11'),(173,1,92,'Type','2019-01-03 06:11:13','2019-01-03 06:11:13'),(174,1,91,'Name','2019-01-03 06:11:15','2019-01-03 06:11:15'),(175,1,95,'how many pulses per unit your device generates, for example 1000 per kWh','2019-01-03 06:11:41','2019-01-03 06:11:41'),(176,1,93,'Tariff','2019-01-03 06:11:48','2019-01-03 06:11:48'),(177,1,64,'My devices','2019-01-03 06:11:50','2019-01-03 06:11:50'),(178,1,76,'No devices found. To add a device please click \"Add a device\" button','2019-01-03 06:12:50','2019-01-03 06:12:50'),(179,1,87,'Devices in sysytem','2019-01-03 06:14:26','2019-01-03 06:14:26'),(180,1,88,'User','2019-01-03 06:14:29','2019-01-03 06:14:29'),(181,1,70,'Last measurement','2019-01-03 06:14:37','2019-01-03 06:14:37'),(182,1,69,'Type','2019-01-03 06:14:50','2019-01-03 06:14:50'),(183,2,78,'Wszystkie pomiary z tego urządzenia zostaną usunięte. Czy jesteś pewien, że chcesz usuąnć ','2019-01-03 06:33:28','2019-01-03 06:34:44'),(184,1,77,'Removing the device','2019-01-03 06:34:17','2019-01-03 06:35:33'),(185,1,78,'Add measurements will be deleted across the entire device. Are you sure you want to remove ','2019-01-03 06:34:26','2019-01-03 06:35:20'),(186,1,79,'Yes, remove the device','2019-01-03 06:34:31','2019-01-03 06:35:28'),(187,2,79,'Tak, usuń urządzenie','2019-01-03 06:34:47','2019-01-03 06:34:47'),(188,2,77,'Usuwanie urządzenia','2019-01-03 06:34:50','2019-01-03 06:34:50'),(189,1,67,'ID','2019-01-03 06:35:40','2019-01-03 06:35:40'),(190,2,67,'ID','2019-01-03 06:35:42','2019-01-03 06:35:42'),(191,1,68,'Name','2019-01-03 06:35:48','2019-01-03 06:35:48'),(192,2,68,'Nazwa','2019-01-03 06:35:51','2019-01-03 06:35:51'),(193,2,97,'Dodaj pozycję','2019-01-03 06:43:00','2019-01-03 06:43:00'),(194,2,100,'Edytuj','2019-01-03 06:43:04','2019-01-03 06:43:04'),(195,2,101,'Usuń','2019-01-03 06:43:07','2019-01-03 06:43:07'),(196,2,112,'Opis','2019-01-03 06:43:11','2019-01-03 06:43:11'),(197,2,111,'Nazwa','2019-01-03 06:43:13','2019-01-03 06:43:13'),(198,2,109,'Dodawanie pozycji','2019-01-03 06:43:18','2019-01-03 06:43:18'),(199,2,110,'Edycja pozycji','2019-01-03 06:43:23','2019-01-03 06:43:23'),(200,2,96,'FAQ','2019-01-03 06:43:25','2019-01-03 06:43:25'),(201,2,102,'Nie znaleziono wpisów w FAQ','2019-01-03 06:43:40','2019-01-03 06:43:40'),(202,2,106,'Usunięto pozycję w FAQ','2019-01-03 06:43:45','2019-01-03 06:43:50'),(203,2,107,'Nieudane usuwanie pozycji w FAQ','2019-01-03 06:44:01','2019-01-03 06:44:01'),(204,2,103,'Czy jesteś pewien, że chcesz usunąć ','2019-01-03 06:44:11','2019-01-03 06:44:11'),(205,2,104,'Tak, usuń','2019-01-03 06:44:16','2019-01-03 06:44:16'),(206,2,105,'Usuwanie pozycji','2019-01-03 06:44:23','2019-01-03 06:44:23'),(207,2,108,'Zapisano pozycję','2019-01-03 06:44:32','2019-01-03 06:44:32'),(208,2,99,'Początek opisu','2019-01-03 06:44:40','2019-01-03 06:44:40'),(209,2,98,'Nazwa','2019-01-03 06:44:42','2019-01-03 06:44:42'),(210,1,97,'Add','2019-01-03 06:44:48','2019-01-03 06:44:48'),(211,1,100,'Edit','2019-01-03 06:44:50','2019-01-03 06:44:50'),(212,1,101,'Remove','2019-01-03 06:44:51','2019-01-03 06:44:51'),(213,1,112,'Description','2019-01-03 06:44:54','2019-01-03 06:44:54'),(214,1,111,'Name','2019-01-03 06:44:56','2019-01-03 06:44:56'),(215,1,109,'Adding an item','2019-01-03 06:45:03','2019-01-03 06:45:03'),(216,1,110,'Edit an item','2019-01-03 06:45:08','2019-01-03 06:45:08'),(217,1,96,'FAQ','2019-01-03 06:45:10','2019-01-03 06:45:10'),(218,1,102,'No FAQ entries found','2019-01-03 06:45:17','2019-01-03 06:45:17'),(219,1,106,'FAQ entry removed','2019-01-03 06:45:24','2019-01-03 06:45:24'),(220,1,107,'FAQ entry removal error','2019-01-03 06:45:35','2019-01-03 06:45:35'),(221,1,103,'Are you sure you want to remove ','2019-01-03 06:45:42','2019-01-03 06:45:42'),(222,1,104,'Yes, remove','2019-01-03 06:45:46','2019-01-03 06:45:46'),(223,1,105,'Removing an entry','2019-01-03 06:45:50','2019-01-03 06:45:50'),(224,1,108,'Entry saved','2019-01-03 06:45:54','2019-01-03 06:45:54'),(225,1,99,'Description start','2019-01-03 06:46:03','2019-01-03 06:46:03'),(226,1,98,'Name','2019-01-03 06:46:05','2019-01-03 06:46:05'),(227,2,120,'Nie masz jeszcze konta?','2019-01-03 06:49:15','2019-01-03 06:49:15'),(228,2,114,'Email','2019-01-03 06:49:19','2019-01-03 06:49:19'),(229,2,115,'Wpisz swój email','2019-01-03 06:49:24','2019-01-03 06:49:24'),(230,2,123,'Umieść aplikację w protokole HTTPS, żeby zalogować się przez Facebooka','2019-01-03 06:49:31','2019-01-03 06:49:31'),(231,2,125,'Nieprawidłowe dane uwierzytelniające','2019-01-03 06:49:37','2019-01-03 06:49:37'),(232,2,124,'Zalogowano pomyślnie','2019-01-03 06:49:42','2019-01-03 06:49:42'),(233,2,113,'Logowanie','2019-01-03 06:49:46','2019-01-03 06:49:46'),(234,2,119,'Zaloguj','2019-01-03 06:49:50','2019-01-03 06:49:50'),(235,2,116,'Hasło','2019-01-03 06:49:54','2019-01-03 06:49:54'),(236,2,117,'Wpisz swoje hasło','2019-01-03 06:49:59','2019-01-03 06:49:59'),(237,2,121,'Zarejestruj się','2019-01-03 06:50:06','2019-01-03 06:50:06'),(238,2,118,'Zapamiętaj mnie','2019-01-03 06:50:12','2019-01-03 06:50:12'),(239,2,122,'Zaloguj się przez Facebooka','2019-01-03 06:50:17','2019-01-03 06:50:17'),(240,1,120,'Don\'t have an account?','2019-01-03 06:50:28','2019-01-03 06:50:28'),(241,1,114,'Email','2019-01-03 06:50:29','2019-01-03 06:50:29'),(242,1,115,'Type your email','2019-01-03 06:50:32','2019-01-03 06:50:32'),(243,1,123,'You need to place your application in HTTPS environment to login via Facebook','2019-01-03 06:50:40','2019-01-03 06:50:40'),(244,1,125,'Incorrect credentials.','2019-01-03 06:50:46','2019-01-03 06:50:46'),(245,1,124,'Logged in successfully.','2019-01-03 06:50:51','2019-01-03 06:50:51'),(246,1,113,'Log in','2019-01-03 06:51:00','2019-01-03 06:51:00'),(247,1,119,'Login','2019-01-03 06:51:03','2019-01-03 06:51:03'),(248,1,116,'Password','2019-01-03 06:51:06','2019-01-03 06:51:06'),(249,1,117,'Type your password','2019-01-03 06:51:11','2019-01-03 06:51:11'),(250,1,121,'Register now','2019-01-03 06:51:18','2019-01-03 06:51:18'),(251,1,118,'Remember me','2019-01-03 06:51:20','2019-01-03 06:51:20'),(252,1,122,'Login via Facebook','2019-01-03 06:51:29','2019-01-03 06:51:29'),(253,2,127,'Dodaj produkt','2019-01-03 06:56:59','2019-01-03 06:56:59'),(254,2,130,'Edytuj','2019-01-03 06:57:04','2019-01-03 06:57:04'),(255,2,131,'Usuń','2019-01-03 06:57:05','2019-01-03 06:57:05'),(256,2,143,'Link do Allegro','2019-01-03 06:57:11','2019-01-03 06:57:11'),(257,2,144,'Opis','2019-01-03 06:57:15','2019-01-03 06:57:15'),(258,2,145,'Galeria','2019-01-03 06:57:18','2019-01-03 06:57:18'),(259,2,139,'Nazwa','2019-01-03 06:57:21','2019-01-03 06:57:21'),(260,2,142,'Cena','2019-01-03 06:57:23','2019-01-03 06:57:23'),(261,2,140,'Dodawanie produktu','2019-01-03 06:57:30','2019-01-03 06:57:30'),(262,2,141,'Edycja produktu','2019-01-03 06:57:35','2019-01-03 06:57:35'),(263,2,126,'Produkty','2019-01-03 06:57:42','2019-01-03 06:57:42'),(264,2,132,'Nie znaleziono produktów.','2019-01-03 06:57:50','2019-01-03 06:57:50'),(265,2,136,'Usunięto produkt.','2019-01-03 06:57:57','2019-01-03 06:57:57'),(266,2,137,'Nieudane usuwanie produktu.','2019-01-03 06:58:06','2019-01-03 06:58:06'),(267,2,133,'Czy jesteś pewien, że chcesz usunąć ','2019-01-03 06:58:14','2019-01-03 06:58:33'),(268,2,134,'Tak, usuń.','2019-01-03 06:58:18','2019-01-03 06:58:18'),(269,2,135,'Usuwanie produktu','2019-01-03 06:58:25','2019-01-03 06:58:25'),(270,2,138,'Zapisano product.','2019-01-03 07:00:02','2019-01-03 07:00:02'),(271,2,129,'Początek opisu','2019-01-03 07:00:09','2019-01-03 07:00:09'),(272,2,128,'Nazwa','2019-01-03 07:00:12','2019-01-03 07:00:12'),(273,1,127,'Add a product','2019-01-03 07:01:55','2019-01-03 07:01:55'),(274,1,130,'Edit','2019-01-03 07:01:57','2019-01-03 07:01:57'),(275,1,131,'Remove','2019-01-03 07:01:59','2019-01-03 07:01:59'),(276,1,143,'Allegro link','2019-01-03 07:02:03','2019-01-03 07:02:03'),(277,1,144,'Description','2019-01-03 07:02:05','2019-01-03 07:02:05'),(278,1,145,'Gallery','2019-01-03 07:02:08','2019-01-03 07:02:08'),(279,1,139,'Name','2019-01-03 07:02:09','2019-01-03 07:02:09'),(280,1,142,'Price','2019-01-03 07:02:10','2019-01-03 07:02:10'),(281,1,140,'Adding a product','2019-01-03 07:02:15','2019-01-03 07:02:15'),(282,1,141,'Edit a product','2019-01-03 07:02:20','2019-01-03 07:02:20'),(283,1,126,'Products','2019-01-03 07:02:47','2019-01-03 07:02:47'),(284,1,132,'No products found.','2019-01-03 07:02:52','2019-01-03 07:02:52'),(285,1,136,'Product removed.','2019-01-03 07:02:59','2019-01-03 07:02:59'),(286,1,137,'Error when removing the product.','2019-01-03 07:03:12','2019-01-03 07:03:12'),(287,1,133,'Are you sure you want to remove ','2019-01-03 07:03:23','2019-01-03 07:03:23'),(288,1,134,'Yes, remove.','2019-01-03 07:03:25','2019-01-03 07:03:25'),(289,1,135,'Removing the product.','2019-01-03 07:03:31','2019-01-03 07:03:31'),(290,1,138,'Product saved.','2019-01-03 07:03:38','2019-01-03 07:03:38'),(291,1,129,'Description start','2019-01-03 07:03:44','2019-01-03 07:03:44'),(292,1,128,'Name','2019-01-03 07:03:47','2019-01-03 07:03:47'),(293,2,158,'Masz już konto?','2019-01-03 07:10:47','2019-01-03 07:10:47'),(294,2,146,'Tworzenie nowego konta','2019-01-03 07:10:53','2019-01-03 07:10:53'),(295,2,149,'Email','2019-01-03 07:10:56','2019-01-03 07:10:56'),(296,2,150,'Wpisz swój email','2019-01-03 07:11:00','2019-01-03 07:11:00'),(297,2,161,'Nieprawidłowe dane uwierzytelniające','2019-01-03 07:11:07','2019-01-03 07:11:07'),(298,2,159,'Zaloguj się','2019-01-03 07:11:12','2019-01-03 07:11:12'),(299,2,147,'Nick','2019-01-03 07:11:17','2019-01-03 07:11:17'),(300,2,148,'Wpisz swój nick','2019-01-03 07:11:22','2019-01-03 07:11:22'),(301,2,157,'Utwórz nowe konto','2019-01-03 07:11:28','2019-01-03 07:11:28'),(302,2,151,'Hasło','2019-01-03 07:11:31','2019-01-03 07:11:31'),(303,2,152,'Wpisz swoje hasło','2019-01-03 07:11:39','2019-01-03 07:11:39'),(304,2,153,'Powtórz hasło','2019-01-03 07:11:43','2019-01-03 07:11:43'),(305,2,154,'Powtórz swoje hasło','2019-01-03 07:11:47','2019-01-03 07:11:47'),(306,2,160,'Zarejestrowałeś się i zostałeś automatycznie zalogowany','2019-01-03 07:11:52','2019-01-03 07:11:52'),(307,2,155,'Akceptuję','2019-01-03 07:11:56','2019-01-03 07:11:56'),(308,2,156,'regulamin','2019-01-03 07:12:00','2019-01-03 07:12:00'),(309,1,158,'Already have an account?','2019-01-03 07:12:12','2019-01-03 07:12:12'),(310,1,146,'New account creation','2019-01-03 07:12:17','2019-01-03 07:12:17'),(311,1,149,'Email','2019-01-03 07:12:18','2019-01-03 07:12:18'),(312,1,150,'Type youe email','2019-01-03 07:12:23','2019-01-03 07:12:23'),(313,1,161,'Incorrect credentials','2019-01-03 07:12:29','2019-01-03 07:12:29'),(314,1,159,'Log in','2019-01-03 07:12:31','2019-01-03 07:12:31'),(315,1,147,'Nick','2019-01-03 07:12:32','2019-01-03 07:12:32'),(316,1,148,'Type your nick','2019-01-03 07:12:38','2019-01-03 07:12:38'),(317,1,157,'Create new account','2019-01-03 07:12:42','2019-01-03 07:12:42'),(318,1,151,'Password','2019-01-03 07:12:43','2019-01-03 07:12:43'),(319,1,152,'Type your password','2019-01-03 07:13:33','2019-01-03 07:13:33'),(320,1,153,'Repeat password','2019-01-03 07:13:36','2019-01-03 07:13:36'),(321,1,154,'Repeat password','2019-01-03 07:13:43','2019-01-03 07:13:43'),(322,1,160,'You registered and logged in successfully','2019-01-03 07:14:09','2019-01-03 07:14:09'),(323,1,155,'Accept','2019-01-03 07:14:10','2019-01-03 07:14:14'),(324,1,156,'rules','2019-01-03 07:14:16','2019-01-03 07:14:16'),(325,2,163,'Dodaj stronę','2019-01-03 07:18:30','2019-01-03 07:18:30'),(326,2,166,'Edytuj','2019-01-03 07:18:35','2019-01-03 07:18:35'),(327,2,167,'Usuń','2019-01-03 07:18:38','2019-01-03 07:18:41'),(328,2,176,'Dodawanie strony','2019-01-03 07:18:59','2019-01-03 07:18:59'),(329,2,175,'Edycja strony','2019-01-03 07:19:04','2019-01-03 07:19:04'),(330,2,177,'Nazwa','2019-01-03 07:19:10','2019-01-03 07:19:10'),(331,2,178,'Treść','2019-01-03 07:19:14','2019-01-03 07:19:14'),(332,2,162,'Strony statyczne','2019-01-03 07:19:28','2019-01-03 07:19:28'),(333,2,168,'Nie znaleziono stron.','2019-01-03 07:19:34','2019-01-03 07:19:34'),(334,2,172,'Usunięto pozycję.','2019-01-03 07:19:40','2019-01-03 07:19:40'),(335,2,173,'Nieudane usuwanie strony.','2019-01-03 07:19:48','2019-01-03 07:19:48'),(336,2,171,'Usuwanie strony','2019-01-03 07:19:56','2019-01-03 07:19:56'),(337,2,170,'Tak, usuń.','2019-01-03 07:20:01','2019-01-03 07:20:01'),(338,2,169,'Czy jesteś pewien, że chcesz usunąć ','2019-01-03 07:20:11','2019-01-03 07:20:11'),(339,2,174,'Zapisano stronę.','2019-01-03 07:20:18','2019-01-03 07:20:18'),(340,2,165,'Początek strony','2019-01-03 07:20:26','2019-01-03 07:20:26'),(341,2,164,'Nazwa','2019-01-03 07:20:27','2019-01-03 07:20:27'),(342,1,163,'Add a site','2019-01-03 07:20:34','2019-01-03 07:20:34'),(343,1,166,'Edit','2019-01-03 07:20:35','2019-01-03 07:20:35'),(344,1,167,'Remove','2019-01-03 07:20:37','2019-01-03 07:20:37'),(345,1,178,'Content','2019-01-03 07:20:39','2019-01-03 07:20:39'),(346,1,177,'Name','2019-01-03 07:20:40','2019-01-03 07:20:40'),(347,1,176,'Adding a site','2019-01-03 07:20:42','2019-01-03 07:20:42'),(348,1,175,'Edit a site','2019-01-03 07:20:46','2019-01-03 07:20:46'),(349,1,162,'Static sites','2019-01-03 07:20:49','2019-01-03 07:20:49'),(350,1,168,'No sites found.','2019-01-03 07:20:55','2019-01-03 07:20:55'),(351,1,172,'Removed site.','2019-01-03 07:20:58','2019-01-03 07:20:58'),(352,1,173,'Error when removing the site.','2019-01-03 07:21:26','2019-01-03 07:21:26'),(353,1,169,'Are you sure you want to remove ','2019-01-03 07:21:32','2019-01-03 07:21:32'),(354,1,170,'Yes, remove.','2019-01-03 07:21:35','2019-01-03 07:21:35'),(355,1,171,'Removing the site','2019-01-03 07:21:40','2019-01-03 07:21:40'),(356,1,174,'Site saved.','2019-01-03 07:21:44','2019-01-03 07:21:44'),(357,1,165,'Site begin','2019-01-03 07:21:50','2019-01-03 07:21:50'),(358,1,164,'Name','2019-01-03 07:21:51','2019-01-03 07:21:56'),(359,2,180,'Dodaj użytkownika','2019-01-03 07:26:46','2019-01-03 07:26:46'),(360,2,184,'Edycja użytkownika','2019-01-03 07:26:53','2019-01-03 07:26:53'),(361,2,185,'Zaloguj jako','2019-01-03 07:26:58','2019-01-03 07:26:58'),(362,2,186,'Usuń','2019-01-03 07:27:00','2019-01-03 07:27:00'),(363,2,194,'Wszystkie dane powiązane z użytkownikiem zostaną usunięte. Czy na pewno chcesz usunąć ','2019-01-03 07:27:10','2019-01-03 07:27:10'),(364,2,195,'Tak, usuń użytkownika','2019-01-03 07:27:15','2019-01-03 07:27:15'),(365,2,193,'Usuwanie użytkownika','2019-01-03 07:27:20','2019-01-03 07:27:20'),(366,2,187,'Dodawanie użytkownika','2019-01-03 07:27:31','2019-01-03 07:27:31'),(367,2,188,'Edycja użytkownika','2019-01-03 07:27:35','2019-01-03 07:27:35'),(368,2,189,'Hasło','2019-01-03 07:27:39','2019-01-03 07:27:39'),(369,2,190,'Powtórz hasło','2019-01-03 07:27:46','2019-01-03 07:27:46'),(370,2,191,'Rola','2019-01-03 07:27:54','2019-01-03 07:27:54'),(371,2,192,'Nie znaleziono użytkowników','2019-01-03 07:27:59','2019-01-03 07:27:59'),(372,2,200,'Profil','2019-01-03 07:28:05','2019-01-03 07:28:05'),(373,2,183,'Email','2019-01-03 07:28:13','2019-01-03 07:28:13'),(374,2,181,'ID','2019-01-03 07:28:14','2019-01-03 07:28:14'),(375,2,182,'Nick','2019-01-03 07:28:19','2019-01-03 07:28:19'),(376,2,196,'Użytkownik usunięty.','2019-01-03 07:28:26','2019-01-03 07:28:26'),(377,2,197,'Użytkownik nie został usunięty poprawnie.','2019-01-03 07:28:31','2019-01-03 07:28:31'),(378,2,199,'Użytkownik nie został zapisany poprawnie.','2019-01-03 07:28:37','2019-01-03 07:28:37'),(379,2,179,'Użytkownicy','2019-01-03 07:28:50','2019-01-03 07:28:50'),(380,2,198,'Użytkownik został zapisany.','2019-01-03 07:28:58','2019-01-03 07:28:58'),(381,1,180,'Add a user','2019-01-03 07:29:10','2019-01-03 07:29:10'),(382,1,184,'Edit a user','2019-01-03 07:29:13','2019-01-03 07:29:13'),(383,1,185,'Impersonate','2019-01-03 07:29:24','2019-01-03 07:29:24'),(384,1,186,'Remove','2019-01-03 07:29:26','2019-01-03 07:29:26'),(385,1,194,'All connected data to this user will be deleted. Are you sure you want to remove ','2019-01-03 07:29:44','2019-01-03 07:29:44'),(386,1,195,'Yes, remove the user','2019-01-03 07:29:50','2019-01-03 07:29:50'),(387,1,193,'Removing the user','2019-01-03 07:29:53','2019-01-03 07:29:53'),(388,1,187,'Adding a user','2019-01-03 07:29:58','2019-01-03 07:29:58'),(389,1,188,'Edit a user','2019-01-03 07:30:02','2019-01-03 07:30:02'),(390,1,189,'Password','2019-01-03 07:30:04','2019-01-03 07:30:04'),(391,1,190,'Repeat password','2019-01-03 07:30:11','2019-01-03 07:30:11'),(392,1,191,'Role','2019-01-03 07:30:12','2019-01-03 07:30:12'),(393,1,192,'No users found','2019-01-03 07:30:16','2019-01-03 07:30:16'),(394,1,200,'Profile','2019-01-03 07:30:19','2019-01-03 07:30:19'),(395,1,183,'Email','2019-01-03 07:30:20','2019-01-03 07:30:20'),(396,1,181,'ID','2019-01-03 07:30:22','2019-01-03 07:30:22'),(397,1,182,'Nick','2019-01-03 07:30:24','2019-01-03 07:30:24'),(398,1,196,'User removed.','2019-01-03 07:30:28','2019-01-03 07:30:28'),(399,1,197,'User has not been removed correctly.','2019-01-03 07:30:37','2019-01-03 07:30:37'),(400,1,199,'User has not been saved correctly.','2019-01-03 07:30:45','2019-01-03 07:30:50'),(401,1,179,'Users','2019-01-03 07:30:55','2019-01-03 07:30:55'),(402,1,198,'User has been saved.','2019-01-03 07:31:00','2019-01-03 07:31:00'),(403,1,201,'Chip ID','2019-01-03 11:13:53','2019-01-03 11:13:53'),(404,2,201,'Chip ID','2019-01-03 11:13:55','2019-01-03 11:13:55'),(405,1,202,'OK','2019-01-03 12:34:20','2019-01-03 12:34:20'),(406,2,202,'OK','2019-01-03 12:34:22','2019-01-03 12:34:22'),(407,1,203,'Adding a device','2019-01-03 12:49:27','2019-01-03 12:49:27'),(408,2,203,'Dodawanie urządzenia','2019-01-03 12:49:34','2019-01-04 08:30:02'),(409,1,204,'Remove','2019-01-03 13:05:17','2019-01-03 13:05:28'),(410,2,204,'Usuń','2019-01-03 13:05:22','2019-01-03 13:05:22'),(411,1,211,'Add an identifier','2019-01-03 13:12:28','2019-01-03 13:12:28'),(412,1,210,'Add a translation','2019-01-03 13:12:35','2019-01-03 13:12:35'),(413,1,214,'Advanced editor','2019-01-03 13:12:40','2019-01-03 13:12:40'),(414,1,208,'Export','2019-01-03 13:12:42','2019-01-03 13:12:42'),(415,1,216,'Exported','2019-01-03 13:12:47','2019-01-03 13:12:47'),(416,1,207,'Import','2019-01-03 13:12:50','2019-01-03 13:12:50'),(417,1,215,'Imported','2019-01-03 13:12:53','2019-01-03 13:12:53'),(418,1,212,'Key','2019-01-03 13:13:03','2019-01-03 13:13:03'),(419,1,206,'Module','2019-01-03 13:13:17','2019-01-03 13:13:17'),(420,1,213,'Simple text','2019-01-03 13:13:34','2019-01-03 13:13:34'),(421,1,209,'Translation modules','2019-01-03 13:13:51','2019-01-03 13:13:51'),(422,1,205,'Translations','2019-01-03 13:13:55','2019-01-03 13:13:55'),(423,2,211,'Dodaj identyfikator','2019-01-03 13:14:06','2019-01-03 13:14:06'),(424,2,210,'Dodaj tłumaczenie','2019-01-03 13:14:10','2019-01-03 13:14:10'),(425,2,214,'Edytor zaawansowany','2019-01-03 13:14:26','2019-01-03 13:14:26'),(426,2,208,'Eksport','2019-01-03 13:14:28','2019-01-03 13:14:28'),(427,2,216,'Wyeksportowano','2019-01-03 13:14:36','2019-01-03 13:14:36'),(428,2,207,'Import','2019-01-03 13:14:40','2019-01-03 13:14:40'),(429,2,215,'Zaimportowano','2019-01-03 13:15:02','2019-01-03 13:15:02'),(430,2,212,'Klucz','2019-01-03 13:15:05','2019-01-03 13:15:05'),(431,2,206,'Moduł','2019-01-03 13:15:10','2019-01-03 13:15:10'),(432,2,213,'Prosty tekst','2019-01-03 13:15:24','2019-01-03 13:15:24'),(433,2,209,'Moduły tłumaczeń','2019-01-03 13:15:35','2019-01-03 13:15:35'),(434,2,205,'Tłumaczenia','2019-01-03 13:15:47','2019-01-03 13:15:47'),(435,1,217,'Reload','2019-01-03 13:17:38','2019-01-03 13:17:38'),(436,2,217,'Przeładuj','2019-01-03 13:17:44','2019-01-03 13:17:44'),(437,1,218,'All','2019-01-03 13:20:04','2019-01-03 13:20:04'),(438,2,218,'Wszystkie','2019-01-03 13:20:09','2019-01-03 13:20:09'),(439,1,219,'Edit identifier','2019-01-03 13:22:10','2019-01-03 13:22:10'),(440,2,219,'Edycja identyfikatora','2019-01-03 13:22:21','2019-01-03 13:22:21'),(441,1,220,'Reloaded','2019-01-03 13:28:55','2019-01-03 13:28:55'),(442,2,220,'Przeładowano','2019-01-03 13:29:08','2019-01-03 13:29:08'),(443,1,221,'Edit','2019-01-04 07:35:31','2019-01-04 07:35:31'),(444,2,221,'Edycja','2019-01-04 07:35:35','2019-01-04 07:35:35');
/*!40000 ALTER TABLE `i18n_translations` ENABLE KEYS */;
UNLOCK TABLES;
/*!40103 SET TIME_ZONE=@OLD_TIME_ZONE */;

/*!40101 SET SQL_MODE=@OLD_SQL_MODE */;
/*!40014 SET FOREIGN_KEY_CHECKS=@OLD_FOREIGN_KEY_CHECKS */;
/*!40014 SET UNIQUE_CHECKS=@OLD_UNIQUE_CHECKS */;
/*!40101 SET CHARACTER_SET_CLIENT=@OLD_CHARACTER_SET_CLIENT */;
/*!40101 SET CHARACTER_SET_RESULTS=@OLD_CHARACTER_SET_RESULTS */;
/*!40101 SET COLLATION_CONNECTION=@OLD_COLLATION_CONNECTION */;
/*!40111 SET SQL_NOTES=@OLD_SQL_NOTES */;

-- Dump completed on 2019-01-18  9:37:32
